"Quantidade trabalhos", "exponencial", "aproximado"
5 ,0.0000052683,
10, 0.0003344702,
15, 0.9441186091,
20, 10.61697122,
25, 2886,707102,
30,
35,
40,
45,
50,
55,
60,
65,
70,
75,
80,
85,
90,
95,
100,