"Quantidade trabalhos", "exponencial"
5 ,0.0000052683
10, 0.0003344702
15, 0.9441186091
20, 10.61697122
25, 2886.707102
